,MAE,NRMSE,SSIM,PCC,Dice,mIOU,r2,psnr
0,0.14415648579597473,0.32603271625077646,0.7757067351792462,0.9476167559623718,0.998291015625,0.49549776802807194,0.8936445716757354,31.522047270864523
1,0.1404026746749878,0.44840688671739015,0.7886700087537695,0.8819404244422913,0.994140625,0.32867250232080014,0.7680312733164806,27.99835566437728
2,0.20896464586257935,0.5582740194316327,0.6815894246805936,0.840364933013916,0.9911346435546875,0.12368156307456551,0.6861228840754512,24.551593821097324
3,0.15418973565101624,0.2655145152088197,0.8280864045014802,0.9650496244430542,0.98681640625,0.5071309143577214,0.9293040668562595,29.696304449231093
4,0.10939063131809235,0.3411907376241639,0.8509808131678591,0.9031165838241577,0.9932708740234375,0.0597034974339074,0.8128226009410169,29.80389686173777
5,0.17453308403491974,0.40032405377505326,0.5792705976772533,0.9083970785140991,0.9925994873046875,0.42124174076164583,0.8243303506317418,26.98866403786626
6,0.08659283071756363,0.22478234497346244,0.4812879311994974,0.9512248039245605,0.9463348388671875,0.12272409011621598,0.9032942785957484,23.724108914047495
7,0.1379155069589615,0.3338440686320701,0.7753892240394329,0.9415066838264465,0.968658447265625,0.25821623032999985,0.8830477760322669,27.62442559213399
8,0.18600249290466309,0.39217837225477015,0.7261833535114115,0.9145658016204834,0.979736328125,0.08978814956261168,0.8166437042130902,28.437048597438125
9,0.0630379393696785,0.14017274478857833,0.6129027485991977,0.5617387294769287,0.99957275390625,0.12502734289553452,0.29662707151026413,30.24066370962993
10,0.2625885605812073,0.2726350948200486,0.7190848213320326,0.9484961628913879,0.975860595703125,0.4464662538606529,0.8792078963399705,27.094888604180035
11,0.24998900294303894,0.36204189162981804,0.6421587625072214,0.9093273878097534,0.9812774658203125,0.28203669863270997,0.7860076317688258,25.14640831724996
12,0.08403698354959488,0.23188438077404572,0.835939546357844,0.9471766948699951,0.987060546875,0.18774024162812106,0.8926969583153138,31.213359654958627
13,0.20217522978782654,0.31244971015903067,0.7817323262514565,0.9496487379074097,0.9687652587890625,0.1912290828806468,0.8880000847236361,28.292825763757005
14,0.21916870772838593,0.6393504633619487,0.6601615793753567,0.775061845779419,0.9934234619140625,0.32550966273918197,0.5368632411270027,23.78287377465331
15,0.18071913719177246,0.2653251801458298,0.7856566440518135,0.9616257548332214,0.9858551025390625,0.28801898001614434,0.9240362516891124,30.801432222645747
16,0.3611587882041931,0.3397489280287341,0.6665115258446782,0.9209491610527039,0.967041015625,0.3654525953429508,0.8249712704687316,23.73735664604196
17,0.2690569758415222,0.42895945697970067,0.6897888422842197,0.9003019332885742,0.987548828125,0.49753725521104974,0.8020074672696186,25.107507665294055
18,0.3503754436969757,0.3980214425496134,0.6408465251562699,0.8590478897094727,0.965667724609375,0.30426737654069985,0.7324532410076399,23.60556141605514
19,0.20076969265937805,0.2664416731311796,0.8304248156262788,0.9631370902061462,0.9809417724609375,0.43381711975651865,0.9221000890017652,28.418686313622477
20,0.18460118770599365,0.3917138112033588,0.7405452524588699,0.9080026745796204,0.9852447509765625,0.07019320173730603,0.8180169386766672,29.164355614849896
21,0.2936772108078003,0.262154876302738,0.7245613714900826,0.937610387802124,0.93499755859375,0.24266680130367976,0.8746272808171249,27.045294478388044
22,0.3234001100063324,0.3166124266331589,0.7131436055400107,0.9068925380706787,0.9805755615234375,0.430425310771673,0.8164441830760683,25.55021432656438
23,0.22198110818862915,0.3435815472374771,0.7615580689873839,0.9463674426078796,0.992706298828125,0.4804353473528833,0.8776807031254966,27.68599112182329
24,0.22046524286270142,0.49538373242586664,0.6444194176371472,0.8136545419692993,0.982177734375,0.17804420968035914,0.6510414193601616,25.17503665459589
25,0.11698628962039948,0.28127828617979306,0.6708596838256315,0.9601057767868042,0.9693145751953125,0.22114669978826496,0.9206200208477381,28.62681611428748
26,0.2689347267150879,0.293089321490064,0.7789803399832945,0.9560280442237854,0.95989990234375,0.36872462917976717,0.8962173877491472,25.551215860349437
27,0.22497348487377167,0.35824271262671015,0.7266202856718683,0.9337183833122253,0.9804534912109375,0.23201484891196109,0.8587522659222584,27.77701655978493
28,0.34851446747779846,0.36382025049829125,0.6651538063334844,0.9203747510910034,0.9314727783203125,0.2193639458779861,0.817019470927358,23.626867332489162
29,0.1505521684885025,0.4948336473271632,0.375252145602185,0.7242125868797302,0.9967803955078125,0.3866296900299709,0.49325366645165003,26.334808075923803
30,0.14432765543460846,0.2906497993161797,0.723602290374632,0.9570319056510925,0.9803009033203125,0.27308599488401186,0.9123268825333145,29.342252619614623
31,0.15460017323493958,0.3146454940124338,0.8401085873345678,0.9493918418884277,0.972869873046875,0.3234401356772695,0.8986783376489568,27.98529556009756
32,0.12972353398799896,0.2787576267387712,0.8063685893268204,0.9598962068557739,0.983001708984375,0.35866473306578406,0.9201788605114807,29.30369016531909
33,0.2698476314544678,0.39346275058121905,0.6868179590941095,0.903211772441864,0.9589385986328125,0.17174540728057638,0.8018708132350725,24.596783340144018
34,0.22353000938892365,0.3454625543132599,0.7746684445485271,0.9402961134910583,0.977264404296875,0.266010213788072,0.8754114611027697,27.104490405865764
35,0.1894582211971283,0.28349157378313067,0.7237293049043713,0.9387020468711853,0.9961395263671875,0.656716883694866,0.8734726220707681,29.94326761898997
36,0.10229714214801788,0.2960430168635815,0.9303805605474176,0.9525681138038635,0.994293212890625,0.3112351542630677,0.8848423776588538,32.23242283983742
37,0.17222866415977478,0.4416326681611182,0.8170679910221407,0.9136027693748474,0.9951324462890625,0.40262284153025935,0.7999199309103181,28.403165383130116
38,0.1733384132385254,0.43144763346736836,0.6831476617556786,0.8994856476783752,0.99822998046875,0.6484859136790495,0.7995030066727553,29.236088287798484
39,0.10159488022327423,0.30372422325038195,0.8741444158452604,0.933106005191803,0.99200439453125,0.27121102752291026,0.862445360703628,30.575214683162706
40,0.22194474935531616,0.49263650889828225,0.605304069289563,0.8690123558044434,0.98907470703125,0.2000008938537499,0.7531448203367408,27.11156914095043
41,0.1959618628025055,0.396115394700414,0.6713881010117757,0.8874543309211731,0.96258544921875,0.14772361914368468,0.7850441565279112,28.07908520201235
42,0.165228933095932,0.3794626853304097,0.6889301714288477,0.9105808138847351,0.998626708984375,0.4827615933241763,0.8203031592993788,31.059564946212905
43,0.18807601928710938,0.2916572209816523,0.7128221138974729,0.9540831446647644,0.9712371826171875,0.38479132350152623,0.9087484942559297,28.85706689522962
44,0.16397561132907867,0.36727626819913634,0.6738208159351494,0.9288561344146729,0.976043701171875,0.39358849224082953,0.8609610881461403,25.66389620007039
45,0.20266811549663544,0.3225432329705537,0.7715758251397811,0.9474026560783386,0.95440673828125,0.16114565942008438,0.893874609464715,28.016422560732583
46,0.16229529678821564,0.19736624624024932,0.8491386315124363,0.9791735410690308,0.985198974609375,0.540284578064181,0.956398182047968,31.135931833240168
47,0.18034198880195618,0.2929189375994305,0.8259038392000642,0.9611695408821106,0.983612060546875,0.3415086808653091,0.9139949005275864,29.61740824197306
48,0.13053879141807556,0.36620425965774644,0.42895857062181464,0.9338920712471008,0.9645843505859375,0.20540937849730279,0.8648400372561036,23.46167211722948
49,0.21445134282112122,0.36284220988479277,0.7282839855220263,0.9323005676269531,0.9904632568359375,0.3686875063762562,0.856025639937654,27.1324193848851
50,0.11632342636585236,0.2910856788964323,0.7029319990736633,0.955806314945221,0.9477996826171875,0.05757601719668948,0.9121358495888545,28.99561691145344
51,0.14458772540092468,0.350209245994185,0.7838577034095252,0.9345208406448364,0.9861907958984375,0.23757435756161957,0.8724317334059057,27.45548234800902
52,0.1876186728477478,0.2713506826935332,0.7572450696245424,0.9629074931144714,0.98065185546875,0.5234875898205223,0.9233019269149337,28.17775418915288
53,0.2708474397659302,0.3540384067862071,0.762796459170745,0.9286475777626038,0.9352264404296875,0.24986760030613175,0.8600096173594861,24.868186777401753
54,0.18509677052497864,0.2628687185797511,0.7591738076115431,0.9597550630569458,0.9947052001953125,0.6455570525464223,0.921041341772519,29.800517409767487
55,0.20482566952705383,0.4883357015307817,0.8271861334322326,0.8948168754577637,0.99090576171875,0.2178487954740217,0.7615234801548979,26.5766141203091
56,0.28069251775741577,0.3849625017523545,0.7576192103223645,0.9175832271575928,0.9736785888671875,0.2374008676388737,0.8153937926831258,25.842893229004865
57,0.25470149517059326,0.6925251616151799,0.7219641983218048,0.7404494881629944,0.9760284423828125,0.0775108176683396,0.516415532395472,23.133625421581158
58,0.21211130917072296,0.29619288145439043,0.7921971927092207,0.9472569227218628,0.9783172607421875,0.24854614037750375,0.8965479114970649,28.8348507867431
59,0.20952165126800537,0.33094385084035305,0.7593470599259085,0.9434384107589722,0.991485595703125,0.36374074830017294,0.8762672615380285,28.304602142904322
60,0.13643674552440643,0.4363933948382164,0.3150625371859375,0.8928185701370239,0.89093017578125,0.1574729894539145,0.7908710122399862,23.500878691200093
61,0.12389276921749115,0.3834954998255252,0.4158844148372154,0.9067611694335938,0.9930419921875,0.25733019978794824,0.8170382479256862,24.398074697219325
62,0.19781358540058136,0.2744171343744205,0.6186679200062644,0.9115766286849976,0.9932861328125,0.43078986961207033,0.8304981036518365,28.000194396363412
63,0.29160940647125244,0.2838793950332873,0.7359207173807136,0.9372071027755737,0.9568023681640625,0.364391700855029,0.872531432984108,25.757128543089067
64,0.32738733291625977,0.35600255790051705,0.6921190229643559,0.8651633262634277,0.9883270263671875,0.3336242738464513,0.7412951394595422,25.892862853995258
65,0.14923250675201416,0.4612594216367033,0.5652652057031279,0.8891897201538086,0.9963836669921875,0.5468459907342433,0.7833521973769468,28.36449637929807
66,0.14404624700546265,0.5757216215585618,0.8039760490157619,0.7773722410202026,0.99560546875,0.1578971991309967,0.5882611779546976,25.581199779258267
67,0.11933578550815582,0.42962219349188724,0.6699902052412497,0.8859488368034363,0.9772186279296875,0.01582134751394363,0.7831163069725868,30.153976175946752
68,0.2706410884857178,0.3902317296108378,0.6942442264159236,0.8909340500831604,0.937591552734375,0.11701228043776328,0.7719265587343378,25.55920928999864
69,0.31579115986824036,0.3678628376992226,0.6332616801567345,0.8466077446937561,0.9769134521484375,0.3962492433163434,0.7148124543917165,24.643221358317483
70,0.13352654874324799,0.3093711719972598,0.6141698928823576,0.9427374601364136,0.994659423828125,0.5111738670756046,0.8879694316041346,29.96525380563468
71,0.3481220602989197,0.32018195715050624,0.7275379118990588,0.9328252673149109,0.97216796875,0.33937003282505146,0.8587290706644829,25.621666857430295
72,0.20854100584983826,0.3236751682008956,0.8023657242490946,0.9455072283744812,0.978668212890625,0.5016044557559872,0.8884852678690298,25.61054141456787
73,0.14606836438179016,0.3284720375588135,0.7994637445264342,0.9492324590682983,0.9891510009765625,0.261683009674964,0.8907137183469717,29.475925147393923
74,0.22154539823532104,0.5339086615019403,0.5953373622768567,0.8454652428627014,0.9779510498046875,0.027591502293740043,0.6986107720020904,24.15000139275557
75,0.10553139448165894,0.2955015303948903,0.36035109239407165,0.9496361613273621,0.7545928955078125,0.11461606855953381,0.8970989238176847,22.56383800145498
76,0.11560969054698944,0.34062222150745713,0.7287641311067578,0.9198852181434631,0.9913330078125,0.3530759076584195,0.8338393961282704,27.258735048674524
77,0.2660856246948242,0.5357200214241107,0.5505178781736261,0.8461903929710388,0.977874755859375,0.20980969492659676,0.7115082744343729,23.876694997810596
78,0.1620909869670868,0.359146633431563,0.8718053377973207,0.9382367134094238,0.987701416015625,0.2516255788063335,0.8698435944571503,28.990309585525328
79,0.16670337319374084,0.3798608362970349,0.8333793846802567,0.9324361681938171,0.9727783203125,0.12334195413171788,0.8554973045337303,28.368660910467376
80,0.2009122669696808,0.5450037589444123,0.656995296583569,0.8669587969779968,0.9972076416015625,0.4585814834867353,0.7029124768077986,26.089100788625196
81,0.2152469903230667,0.27537654026160296,0.823540337342321,0.9588978290557861,0.97607421875,0.3644104724724473,0.9149110801547875,27.980716292500585
82,0.18964242935180664,0.27663968076489304,0.7414840252830028,0.9608553647994995,0.9893951416015625,0.5685912050954655,0.9181998412993138,27.941535052841978
83,0.20821142196655273,0.35628745319351574,0.7188973744507752,0.9364542365074158,0.9843292236328125,0.511882361272642,0.8684047810215691,26.0751216640886
84,0.12736055254936218,0.2096325771860903,0.8433801136103963,0.9783936142921448,0.990478515625,0.6964982020923141,0.9559613787979432,30.98153042704699
85,0.21825283765792847,0.4596575831529481,0.6138721575742864,0.875297486782074,0.9814910888671875,0.2736531295490242,0.7610188210191422,26.04397322907907
86,0.2590566873550415,0.40438520627233077,0.6984761510782523,0.9094592332839966,0.980255126953125,0.25717608658089175,0.8113712247138725,24.337364631034166
87,0.2091255784034729,0.3009547067784553,0.7197486856284696,0.9329134821891785,0.988128662109375,0.3878840378567759,0.86818905244364,29.816420821221506
88,0.20172978937625885,0.7058011099464516,0.5392504568267352,0.7175505757331848,0.9906158447265625,0.0032431065751919366,0.496943489887966,23.894427573731804
89,0.17783644795417786,0.34732816075502876,0.7086461910815539,0.9373730421066284,0.9900360107421875,0.3666349499176043,0.8765572367562054,27.939948617718965
90,0.18356934189796448,0.3075628230978302,0.5424953361934503,0.9133065938949585,0.945770263671875,0.32574476840357264,0.8324410611056773,25.94984810130591
91,0.12688088417053223,0.2487036083521788,0.8918487300499196,0.9688426852226257,0.991241455078125,0.3678421059007644,0.9378995021094582,32.61423304531377
92,0.13665375113487244,0.3649025594828699,0.7907097391952498,0.9202455282211304,0.9984893798828125,0.5373853393208443,0.8463110473365069,32.13711220241838
93,0.19189700484275818,0.5383219479554537,0.6513349997869542,0.8328530192375183,0.9767303466796875,0.05689606870991422,0.6835617449688568,24.805809412098
94,0.28084421157836914,0.46027442238470334,0.5825005017389326,0.858105480670929,0.96282958984375,0.19311056869474372,0.7081459110667014,24.947823463882983
95,0.2523319125175476,0.2960359788478689,0.6854563534073881,0.9130848050117493,0.9808502197265625,0.3652001187657467,0.8188183054660787,26.68219772358266
96,0.2825686037540436,0.39298025759304545,0.6787121395075443,0.841312825679779,0.95013427734375,0.10293738596283668,0.6911579063572886,25.893148247520653
97,0.23583310842514038,0.35182497999875767,0.7114507361801452,0.9388418197631836,0.9657745361328125,0.27316938652968675,0.8638177432288143,27.075002554537342
98,0.2573930621147156,0.3683081547675364,0.7607673037195843,0.926285445690155,0.9790496826171875,0.1703932505176734,0.840429882196489,25.951144600406522
99,0.23855017125606537,0.4074143084716632,0.8134452257832979,0.9234455823898315,0.976898193359375,0.2731640551300743,0.8338708930424706,26.28790432282948
100,0.2115071564912796,0.39740413514151063,0.629832151401276,0.8303260207176208,0.99072265625,0.31685470016325823,0.6827813309809483,26.737528320405602
101,0.14631682634353638,0.4987657004085575,0.3819695500985675,0.8399027585983276,0.99700927734375,0.2547556853395995,0.6946597952919826,25.901167441594918
102,0.26254013180732727,0.5116042237023748,0.6220879526332965,0.8853649497032166,0.9840087890625,0.21849424422502295,0.7363007818769925,23.743558410626278
103,0.154159814119339,0.4235955717224715,0.5532673915582746,0.8929645419120789,0.9930419921875,0.17241529507205977,0.788316182645287,26.96814597407662
104,0.1577761173248291,0.5251771058363031,0.6208308416552273,0.857483446598053,0.985687255859375,0.1274426721463515,0.7090389139297724,23.4541124486733
105,0.17816391587257385,0.44710033009487343,0.7808907339160305,0.8884401917457581,0.9885406494140625,0.18013189941932378,0.7880985267130919,24.769659100786225
106,0.20632770657539368,0.4504822659423622,0.4277759712326496,0.7472266554832458,0.988555908203125,0.28707292103334503,0.5186514828656914,23.630042042120895
107,0.1880689561367035,0.3873142376163201,0.6853152274891973,0.9278870224952698,0.985321044921875,0.451852164186801,0.838040330047771,26.747074490672166
108,0.2107565850019455,0.3673518321284415,0.6633531058263075,0.88603675365448,0.970062255859375,0.15612939521316332,0.7839394770346128,28.05911505379119
109,0.280303418636322,0.48801051011329233,0.5143139720660802,0.7862305045127869,0.9799041748046875,0.25761033956576124,0.6132576752940657,23.485285304868263
110,0.11435732245445251,0.3262158003024091,0.3321721340859813,0.9455405473709106,0.7291412353515625,0.1531819886851451,0.8920319752191621,22.001809883286242
111,0.25061172246932983,0.40040131762589465,0.6511485444365448,0.8935191035270691,0.9712677001953125,0.14486868988706178,0.7238470479235914,27.2492069256222
112,0.29965832829475403,0.4115061857419969,0.6395102562593843,0.8780114054679871,0.9719696044921875,0.28936197703598565,0.766967198579838,24.6048861639694
113,0.16392825543880463,0.2826548506715684,0.671529948633249,0.9492024779319763,0.9859466552734375,0.41929418707806615,0.9001010853598922,28.81072687970827
114,0.3045046925544739,0.27847620081145896,0.699348211650942,0.9269962310791016,0.9420623779296875,0.2727448242204895,0.8430617823249055,26.11144385242326
115,0.1834673285484314,0.243483980094157,0.7208349368342906,0.9422093033790588,0.9961395263671875,0.5374779936416935,0.8830881127413539,31.246030865160716
116,0.28478989005088806,0.3719558943217805,0.7462297687611393,0.9134745001792908,0.973236083984375,0.3401055906299508,0.8280191366033048,25.306431384925276
117,0.17535662651062012,0.3363379849161029,0.6144737877583388,0.9104152917861938,0.9893035888671875,0.30109740668254564,0.8242706660736849,29.14424672724848
118,0.21597090363502502,0.3946340831320394,0.6673586761050444,0.8903757333755493,0.995941162109375,0.44927650253312107,0.7774970492962558,28.24120809944272
119,0.14291667938232422,0.3072151228101286,0.7583691942736119,0.9533964395523071,0.9894866943359375,0.5258089980667597,0.9046202473676265,29.10046783305289
120,0.18388688564300537,0.24650709257514253,0.7923182206334067,0.9659846425056458,0.9928131103515625,0.5606347382138636,0.9287881420505819,30.43276470802732
121,0.3129938244819641,0.31086077628783954,0.7563981409295185,0.9381298422813416,0.990478515625,0.5162794447446165,0.8753915592355391,27.695358070974745
122,0.23322902619838715,0.3817456598964714,0.6600584423843676,0.9064765572547913,0.963134765625,0.1938607961759105,0.8172747131508848,27.154187646263765
123,0.2463730424642563,0.5070934301508172,0.5878735873956658,0.8391278982162476,0.981048583984375,0.18664100416437185,0.6741312644980765,24.013701551470138
124,0.20938900113105774,0.39673281045225056,0.619507522689242,0.8675870299339294,0.993560791015625,0.35276172889305385,0.7493043176834746,27.359875324514668
125,0.10738350450992584,0.3234263584424211,0.6373615819294308,0.9066680073738098,0.9829864501953125,0.08905303181941845,0.8159017718069409,26.6944201608282
126,0.2045673131942749,0.4007671333634015,0.7690399113129076,0.9174776673316956,0.9958953857421875,0.34229989657727,0.8381639480842228,28.921717095282084
127,0.18089357018470764,0.436683312544387,0.668131332482578,0.9078189730644226,0.9722137451171875,0.08215772068663273,0.8024476471697342,25.647042604710045
128,0.1643427312374115,0.3892221289578164,0.5776066459453142,0.9140743017196655,0.988433837890625,0.2539377421872616,0.8350833196312241,26.492568320321368
129,0.24652865529060364,0.3533144373154066,0.6911140027806236,0.9164087772369385,0.9854888916015625,0.3651539618464874,0.8287015832793024,27.182981282132044
130,0.23587940633296967,0.39614344608137675,0.5951272070479608,0.9033041596412659,0.9829864501953125,0.3679141905248353,0.8140051325047954,26.290675668089616
131,0.13406555354595184,0.509035885589751,0.8343536073926372,0.8198409080505371,0.9972686767578125,0.3697205291530664,0.5870358607103827,26.618808265717448
132,0.33125829696655273,0.4597753451082433,0.6651793070270228,0.8147088289260864,0.985565185546875,0.45911980610645736,0.6263254530418296,23.03827006859351
133,0.1838536411523819,0.6019977390155318,0.6387875095999961,0.8196094036102295,0.9964141845703125,0.30882556227775804,0.6363988402120193,28.971802386665708
134,0.07575826346874237,0.20624358237480298,0.9334047322341961,0.9737896919250488,0.9947509765625,0.5000007267431297,0.9325087341138899,33.906266109430064
135,0.34766685962677,0.3692067159989599,0.656441335453056,0.8444482088088989,0.9456939697265625,0.2281502432985809,0.7050810160529675,23.96640625277291
136,0.23471873998641968,0.3606950986812397,0.7105386684947058,0.8987195491790771,0.9822845458984375,0.15625061318996136,0.7826683458799663,26.6914819466963
137,0.24278411269187927,0.30234877563129464,0.7590268007650972,0.9484691023826599,0.987579345703125,0.47517764334130025,0.8966976083868557,28.168479037430572
138,0.16555257141590118,0.2420345626586181,0.871290431540489,0.9709641933441162,0.9599456787109375,0.3288163311643234,0.9402151972952304,28.777288997268364
139,0.18117347359657288,0.28980980186093314,0.6744134284749611,0.9186546206474304,0.99365234375,0.40315724080740195,0.8420155838976657,29.349940129290125
140,0.30273884534835815,0.3081262703676533,0.7253916321668712,0.9104501605033875,0.9883575439453125,0.5381358727991085,0.8191702970112325,26.508076437962217
141,0.16331897675991058,0.35740278717890867,0.7645234232240408,0.9350946545600891,0.9661865234375,0.11324565296292396,0.8722542352945647,28.955956599903637
142,0.1618514060974121,0.3070704172265712,0.5656682225100277,0.9050251841545105,0.991424560546875,0.40966448564654867,0.8004167440816762,28.435382824430825
143,0.17290841042995453,0.2838353261502326,0.7953432994580627,0.9590798020362854,0.9835662841796875,0.46337844375762643,0.918428505962322,28.52686338797475
144,0.2550392150878906,0.36578606510369915,0.6395983054310183,0.9160341024398804,0.975067138671875,0.32058240308423985,0.8261608637945461,24.506051623123493
145,0.1503082811832428,0.4890545772387493,0.30073630225202147,0.7379652261734009,0.984466552734375,0.11478337844923614,0.5196760212960376,24.60548875141599
146,0.2425343543291092,0.5452797023136782,0.6761155088027196,0.8556920289993286,0.980224609375,0.17294245504629543,0.698006003616338,24.686163537036453
147,0.235301673412323,0.5054377546308357,0.6533050324990916,0.7776305079460144,0.9930572509765625,0.22619179219082963,0.5995865296583976,26.102112808273983
148,0.29935285449028015,0.6379665932012717,0.6987889703201561,0.8106217384338379,0.981170654296875,0.012800789759368193,0.5927893868754838,22.36646608828164
149,0.15257994830608368,0.2688210746335855,0.8760727043174598,0.9641215801239014,0.9640655517578125,0.18229195059307268,0.9276964323008602,29.615719880715545
150,0.18215960264205933,0.4223601930641117,0.7630676273989787,0.9082240462303162,0.9973907470703125,0.5735671482116005,0.8207895241476493,29.060181904657654
151,0.22473211586475372,0.5319701282418537,0.7546383079900394,0.8921229839324951,0.98828125,0.26507247361485775,0.7101670722510998,24.097100296611877
152,0.20969460904598236,0.4460603886991786,0.6703977990455187,0.8980631828308105,0.9839019775390625,0.146440820031699,0.8009828812577324,24.519337341486906
153,0.29432395100593567,0.4232709873656387,0.6240279113250522,0.8727366924285889,0.949249267578125,0.18038462780073242,0.7474099775722234,24.68416749827158
154,0.10790994763374329,0.2815081707091887,0.8614442178841027,0.9495662450790405,0.9979095458984375,0.7008740155589179,0.8978019537323169,31.837959216767576
155,0.2264365702867508,0.32592876348538735,0.7711591647448518,0.948039710521698,0.964691162109375,0.23731073259369392,0.8802469802965032,27.266361566299132
156,0.1267026960849762,0.26451120885236307,0.7628768284960001,0.9644298553466797,0.9972686767578125,0.660985490557783,0.9295860087260266,31.483856118678013
157,0.3715830445289612,0.37452471890680583,0.6327573991600347,0.877573549747467,0.915771484375,0.19568713453487765,0.7487915261480593,23.4237066248301
158,0.3486365079879761,0.4392060615556985,0.5236024171466389,0.8081633448600769,0.9674072265625,0.3726874089023762,0.640959248851515,21.908513458854564
159,0.26928234100341797,0.40527608408104066,0.7380967616869218,0.9026857018470764,0.975494384765625,0.21003482044524324,0.7966542835079503,24.730452996485717
160,0.1416926383972168,0.3533276151394506,0.7133458783164854,0.936214804649353,0.9875946044921875,0.36285316390817873,0.8747615426322493,29.640954171440743
161,0.22815927863121033,0.2986877194692591,0.6917342812669307,0.9421308636665344,0.977325439453125,0.4689065514987307,0.8871620435829077,26.91315572566117
162,0.2827804684638977,0.2741007054865908,0.7164560965282047,0.9371041655540466,0.982269287109375,0.5266804371973779,0.872000674966978,26.90504967248023
163,0.236075296998024,0.2886904805467628,0.6832222739574987,0.9349471926689148,0.98455810546875,0.566781007371144,0.8612319152218266,26.54967584155567
164,0.14747250080108643,0.47323092941295664,0.704150547364678,0.8689741492271423,0.9903106689453125,0.13369831691907652,0.7346441765023056,24.9241506200297
165,0.1138557493686676,0.2614134624643628,0.8063509780453845,0.9632567763328552,0.972686767578125,0.374781915898737,0.926209839413901,28.757062189718376
166,0.15027612447738647,0.44630480789897103,0.5060158041055335,0.8366379737854004,0.985443115234375,0.1697135163502904,0.695063112293109,28.096280002644953
167,0.18941494822502136,0.43129649954990423,0.5344255489424053,0.891217052936554,0.983154296875,0.3420742895862398,0.7736378189699549,26.584782067801534
168,0.0769336074590683,0.18244481506462476,0.3504862492442029,0.8296018838882446,0.9910125732421875,0.16216335396393464,0.6588803363809523,23.232300082878623
169,0.3104434609413147,0.36761095459708915,0.7034301755377168,0.8870527744293213,0.93927001953125,0.09832372036164014,0.7720499067481233,25.98069809208173
170,0.17181114852428436,0.2797455936221849,0.7865372422384204,0.9643195867538452,0.993896484375,0.43502904656914326,0.9131839352992611,30.426967009101173
171,0.2907537817955017,0.3085597110999013,0.7377620943226835,0.9276819825172424,0.973114013671875,0.31466382160100287,0.8519795986548816,26.119679073678043
172,0.13758984208106995,0.31999767174664756,0.6580210427241923,0.944471538066864,0.9887847900390625,0.2590733275470488,0.8875118158204658,31.06933396763648
173,0.2968533933162689,0.301201316327044,0.6199558056258773,0.9124349355697632,0.9579620361328125,0.3806206428460785,0.8185111556228103,25.616816085111537
174,0.11341606080532074,0.29000670994722844,0.8313590599962389,0.9399825930595398,0.990325927734375,0.19543249310597322,0.8798136517150804,31.281096938103442
175,0.408210813999176,0.4441033263044578,0.5890044369288594,0.8173879384994507,0.9714508056640625,0.2685694806217824,0.6326565890064832,22.302447998130184
176,0.15337684750556946,0.3501596001956599,0.8110292687059822,0.9399451613426208,0.9802093505859375,0.09427437550672102,0.8763903754849199,30.120150348709092
177,0.23473864793777466,0.3527928977256059,0.7665947048960252,0.9235262870788574,0.9607086181640625,0.1728239085050085,0.8527751467196552,27.62098999318981
178,0.15186238288879395,0.3738163402399638,0.4859825427411136,0.8905622363090515,0.9867401123046875,0.31304402130907405,0.7891733408990338,27.781389956506942
179,0.2141975462436676,0.3470913849307855,0.71536408802487,0.9340167045593262,0.9732666015625,0.3525501283998047,0.8671659984731824,25.880732978241035
180,0.2151501327753067,0.42506422809797423,0.6036324521788309,0.816094160079956,0.990509033203125,0.21957437945498187,0.6545256627009479,26.879032733937642
181,0.15200449526309967,0.23420190224611945,0.8655485616683573,0.9747335314750671,0.9911956787109375,0.5365465569907173,0.94332418791013,30.841799325911907
182,0.13954775035381317,0.43285557120239443,0.6243939136131463,0.9000643491744995,0.9931182861328125,0.10693246151987817,0.8081605703512997,27.05834746888258
183,0.16261771321296692,0.40178954356777247,0.723898141788752,0.9167089462280273,0.98406982421875,0.3388224579971767,0.8377621995752057,26.873125107253834
184,0.28640443086624146,0.31867187197806346,0.6428896686435126,0.9238060116767883,0.9901885986328125,0.537410404740716,0.8482370066736589,26.6688928656568
185,0.21901991963386536,0.3349335901989285,0.7118944031399201,0.9329045414924622,0.9944000244140625,0.6281665368120194,0.8699113119987241,28.55816846567133
186,0.21760571002960205,0.5463713513515263,0.5529261659399657,0.7999981641769409,0.9873199462890625,0.21381342117935556,0.5961410305880125,24.51182911450659
187,0.08593841642141342,0.21626154641597517,0.48193517250700485,0.9677663445472717,0.9418487548828125,0.20999187189223217,0.9323839619544559,24.420265990324484
188,0.13793857395648956,0.3880027234716701,0.5855206005583707,0.9238538146018982,0.980255126953125,0.23341277641423197,0.8494401459376075,27.42259249678197
189,0.14417976140975952,0.27426811848654253,0.7500148600788656,0.9623795747756958,0.9910888671875,0.6408366292517655,0.9247551852695227,30.022404574894964
190,0.07599899917840958,0.2752332224946017,0.8670962804757504,0.8837873339653015,0.994720458984375,0.2821591656448846,0.7214559532649969,29.645449455646748
191,0.18014401197433472,0.2756701286643266,0.7875477407637855,0.9610757827758789,0.9872283935546875,0.5930969406431984,0.9222418191847072,28.229489833902342
192,0.2819015085697174,0.4233169379834989,0.5853322539660389,0.8756346702575684,0.9776763916015625,0.44625304835236623,0.75177374868384,23.836885110352533
193,0.08002088963985443,0.20100910518821313,0.4513103460174269,0.9622607827186584,0.9628143310546875,0.09135007779639157,0.9237829325096676,24.283584733336767
194,0.3086756765842438,0.28410368634208377,0.7376509868594884,0.9506388306617737,0.9434967041015625,0.34133771943477065,0.888107831522851,25.415744757778107
195,0.13857950270175934,0.5096630548580487,0.7178384527345237,0.8344655632972717,0.9852142333984375,0.056476089117732116,0.6559234157929958,23.00455790339455
196,0.13946232199668884,0.44138415265803993,0.5622532574745338,0.7596735954284668,0.9774322509765625,0.06392464308566893,0.5084294061311276,24.358759625180934
197,0.33782875537872314,0.3229818843669631,0.6959594360770525,0.9183380603790283,0.9840087890625,0.5395432603061245,0.8419941686510766,25.170046868588237
