,MAE,NRMSE,SSIM,PCC,Dice,mIOU,R2,psnr
0,0.1909794956445694,0.4520196728677915,0.8118158381033165,0.9073566794395447,0.9669342041015625,0.12017900114535071,0.7953830825568518,26.858004578298782
1,0.2014123499393463,0.48587407014443945,0.6682686801416575,0.8718891739845276,0.964202880859375,0.10046046761485136,0.7598754647041127,27.23162656928077
2,0.40698790550231934,0.45712879083972746,0.6056146059895875,0.7515374422073364,0.8878936767578125,0.1371698018590955,0.5478935862023755,22.111026603804035
3,0.2071537971496582,0.4734194953846154,0.7910829183281788,0.898865282535553,0.9808807373046875,0.1157380975736785,0.7758695567028425,26.84606087867451
4,0.33836132287979126,0.6671208499997267,0.546412363729624,0.7816542983055115,0.9725799560546875,0.2549754332605998,0.5516165235742514,21.438150552480487
5,0.2934366464614868,0.39806249507964453,0.6995145106717783,0.9159878492355347,0.9615478515625,0.24301614808766953,0.8209408545935728,25.779618105389574
6,0.20905612409114838,0.4937756408847954,0.5193502850587912,0.7521472573280334,0.974151611328125,0.15972263902646872,0.4839313857423736,24.309549178940916
7,0.23374055325984955,0.3617109891316282,0.7667535057266057,0.9328632950782776,0.9726715087890625,0.4020035385630923,0.8607366398941668,24.64549499673297
8,0.23417167365550995,0.5991941956186725,0.6492490313196495,0.8093910813331604,0.9810638427734375,0.1266719727853816,0.6384236461602457,23.937190215406126
9,0.26014775037765503,0.4155065864310431,0.7386632169880988,0.9024251103401184,0.984405517578125,0.38433772027848173,0.7976751153649192,25.89779484841227
10,0.302461177110672,0.4416401321565856,0.5812477408046114,0.8667685389518738,0.9632720947265625,0.35898818668756677,0.7298198234256597,23.468827407914958
11,0.22221237421035767,0.7348753224008848,0.6220487394521853,0.6808172464370728,0.9529571533203125,0.017840389346801735,0.41832691100576935,24.610376836901004
12,0.16631725430488586,0.4056084271376838,0.750585447519809,0.9105687141418457,0.9740142822265625,0.11715960748594739,0.8288797595915185,26.179895114060017
13,0.27784430980682373,0.3921565355579789,0.6435555055088664,0.9116208553314209,0.9650726318359375,0.22275068836988507,0.7889674395172654,26.27701982090535
14,0.1901034563779831,0.4534832430156884,0.8528853403727205,0.9005754590034485,0.9659423828125,0.10181122663532127,0.7924874208914011,26.964520706188495
15,0.1952577829360962,0.43098210913628027,0.7098734707492366,0.8930230736732483,0.9687347412109375,0.054453597391048734,0.7785646008408295,27.617536546853664
16,0.32851526141166687,0.5506427305682136,0.5478616552298696,0.8019721508026123,0.9727020263671875,0.27335529108233503,0.6406349589316069,23.43032696925205
17,0.3039097785949707,0.5295163009569243,0.6191159854230498,0.81025630235672,0.95654296875,0.1236925773253608,0.6484322362453219,24.312083125891995
18,0.2150210440158844,0.35958659593778985,0.7034305635451777,0.9096908569335938,0.9909820556640625,0.47699161328175815,0.7964312304571133,27.87800082748039
19,0.2866817116737366,0.4028787079984622,0.6164167563439216,0.8907856941223145,0.955596923828125,0.24845060732164065,0.7891168657557185,23.667108443101892
20,0.07485616952180862,0.21815338654111396,0.9283412872426146,0.9715805649757385,0.9900665283203125,0.37524052280180153,0.9244889405635565,33.418635797234764
21,0.2204756736755371,0.41824482857539685,0.8077450519388347,0.9285076260566711,0.971466064453125,0.15192782225495588,0.8249773801322287,25.77637454254903
22,0.3638552725315094,0.38083376546953857,0.614817088718279,0.8605386018753052,0.9429931640625,0.2505518053055556,0.7298686071697967,23.637419582161314
23,0.08121823519468307,0.20345769889106843,0.48928268393935564,0.9596822261810303,0.9228057861328125,0.14500605965758667,0.9207724822604753,24.589870298725593
24,0.13811898231506348,0.4412227886098806,0.717630351668141,0.8748919367790222,0.97430419921875,0.13508005388800517,0.7421277274074145,24.25706226114469
25,0.21285420656204224,0.4759982937071081,0.6798073502690369,0.8307461738586426,0.9582672119140625,0.10679323749404392,0.6896036473518361,26.48341170815646
26,0.211742103099823,0.6018068997114642,0.6807370167277149,0.8164681196212769,0.975128173828125,0.12412728418738088,0.6360270398270063,23.36395445889258
27,0.2433588057756424,0.7932055195201166,0.7023586385339563,0.6935921907424927,0.9398651123046875,0.0007609024439902525,0.3704812667174795,23.79955636318334
28,0.4048757553100586,0.49985117042586763,0.5728387387101378,0.7929989695549011,0.9503936767578125,0.22539927915194682,0.6266124472133314,22.758953229330523
29,0.26007628440856934,0.38988925916680217,0.6693986697182419,0.8810147643089294,0.921661376953125,0.08321444942599117,0.7460635545665162,26.015461340814355
30,0.28067663311958313,0.37419815885104923,0.6256071047770925,0.8837337493896484,0.95947265625,0.329462426290728,0.766854036831089,24.296292183526376
31,0.08491199463605881,0.21322169809387678,0.4870542984315514,0.9687135219573975,0.86016845703125,0.18751669584921574,0.934271477289212,24.54322411877061
32,0.39866527915000916,0.41139702062500283,0.6790138862744755,0.8973493576049805,0.8990020751953125,0.14038972202730882,0.7667716409414407,23.444381113439924
33,0.2071552276611328,0.36626634185378215,0.7711191815806103,0.9329560995101929,0.9500732421875,0.22993663687064322,0.864168800858047,26.312252105930266
34,0.4922558069229126,0.4739448347279896,0.5607058186949924,0.8647984862327576,0.90631103515625,0.181660778133976,0.6593967888200738,20.845962658866984
35,0.16907119750976562,0.41126518908764126,0.7533958167117862,0.9141258597373962,0.949371337890625,0.08190396184173716,0.8308490202261883,27.736676282356125
36,0.09760074317455292,0.33717392731840506,0.8752070199008196,0.912909746170044,0.98370361328125,0.048129190615694636,0.8304786772930252,29.66772359404114
37,0.3331950604915619,0.3883699843728035,0.709175730868102,0.8336851000785828,0.9351348876953125,0.0947616919161644,0.6921141732478304,25.13701207078608
38,0.24788345396518707,0.35148430358134775,0.8061183197893127,0.9424706697463989,0.981903076171875,0.4046187727817406,0.8613783607451238,25.861136373081894
39,0.2371283918619156,0.37334292604105107,0.7125915302961893,0.9276995062828064,0.9657745361328125,0.3587766269935314,0.8548094076994295,25.406214022464894
40,0.2284468412399292,0.5844346282339185,0.5317175232327593,0.8118019104003906,0.9716644287109375,0.2167864965050626,0.5843537433855538,23.945581928745746
41,0.27684998512268066,0.5151303199224652,0.5088840216619256,0.7543761730194092,0.9703521728515625,0.18736964141796675,0.5690790602168654,23.015526558740234
42,0.0666937381029129,0.18513953128272037,0.616245581576713,0.37012848258018494,0.997772216796875,6.849268155697563e-06,-0.227034722742272,27.823952062764796
43,0.15046754479408264,0.5645860314329749,0.3743548704647951,0.5920490026473999,0.9130859375,0.022481719155359677,0.3403213013479287,25.18938995268944
44,0.17952996492385864,0.3670996008298259,0.8039233051855201,0.9348705410957336,0.9820709228515625,0.47095926566444585,0.8649532931149794,26.11502765179404
45,0.11980753391981125,0.40285132929131545,0.8351017174323625,0.885266900062561,0.99603271484375,0.34010319770762004,0.7390552780602642,28.360945496658857
46,0.3034166395664215,0.5360456506521827,0.6252756866731699,0.8352903127670288,0.9767303466796875,0.2615015682801122,0.6857660293281977,23.742739919756076
47,0.2080114185810089,0.40274507877462556,0.620618771725594,0.8633602857589722,0.985504150390625,0.24363117545288576,0.7416484152061675,27.22923285318884
48,0.36112114787101746,0.4169038375933698,0.6490132135163856,0.8487082123756409,0.90899658203125,0.16970636646159454,0.7064659159698319,23.202972947392936
49,0.15806683897972107,0.48882335224557855,0.4881338783707179,0.79683917760849,0.972320556640625,0.10064496745415595,0.6341941242146429,27.30587241021506
50,0.24786661565303802,0.42317381651735914,0.7198072167143249,0.919775664806366,0.948028564453125,0.14486589383231385,0.8173241996392548,25.65780548942978
51,0.1420188546180725,0.500106999831743,0.3100241878514603,0.8519200682640076,0.9757232666015625,0.10416717107704332,0.7253473760408411,22.317183397340333
52,0.20494124293327332,0.44370366828542296,0.719778975516599,0.8782081007957458,0.97637939453125,0.0674704412828667,0.7665041286619898,28.081872917260164
53,0.2597406506538391,0.40708607736886926,0.6353855587829075,0.8749676942825317,0.995330810546875,0.47241470273327113,0.7145492505261959,27.10539189590783
54,0.3767201602458954,0.3752318948357876,0.6789982531450446,0.8915181159973145,0.9258880615234375,0.24275035192542063,0.7772925162079327,23.333811034984777
55,0.11980538070201874,0.3353267082909573,0.8095306213056939,0.9355377554893494,0.9905853271484375,0.38971375893792387,0.8702757462557954,30.522438228618576
56,0.401685893535614,0.3906663734333755,0.6298133559691328,0.8431435823440552,0.949462890625,0.23862086468485869,0.691137907243958,23.171084939464404
57,0.20162995159626007,0.33792004335301745,0.7869134015082414,0.9351112842559814,0.95880126953125,0.1653789287854934,0.870995787584706,28.123409418509393
58,0.17219245433807373,0.4136221272378293,0.7711932235840111,0.9365609884262085,0.9875946044921875,0.2472229192380377,0.82670884616431,27.473817960356026
59,0.14142614603042603,0.31605982997074444,0.8738439409760775,0.9537169337272644,0.990753173828125,0.316027860013702,0.8997072429870837,30.53248872944846
60,0.15518254041671753,0.3729720134087993,0.7491195799213456,0.932521641254425,0.97747802734375,0.3588186972985676,0.8594200155341354,27.415794737722273
61,0.31925296783447266,0.45399948962622305,0.6226543025302878,0.7743648290634155,0.8838043212890625,0.04836302819757208,0.5878021468412058,24.639455614546243
62,0.2654617130756378,0.4579605905779196,0.6524765168481045,0.8934358954429626,0.9775848388671875,0.2799023137733756,0.768752094205923,23.473047528886188
63,0.2202288806438446,0.8128772764136368,0.5294712319208736,0.6160590648651123,0.984649658203125,9.940347971821102e-07,0.33272932457698123,22.66757464903459
64,0.265765905380249,0.39828867721474714,0.7214661343559142,0.902650773525238,0.9571533203125,0.15063546562750585,0.8123548299780521,26.567427459456514
65,0.19976535439491272,0.4663503814854177,0.6058597520811169,0.8921204209327698,0.97845458984375,0.07288307755543168,0.7700579038448233,25.325093993406192
66,0.3574926555156708,0.4234344190046872,0.661932183958606,0.840338408946991,0.924346923828125,0.07327120125771938,0.6975627922441344,24.75274384705103
67,0.25404757261276245,0.44222424247723885,0.6697265648871353,0.8943406939506531,0.9756011962890625,0.3966040012815089,0.797267153189492,24.19828130603214
68,0.1388494074344635,0.5885965892049179,0.8267775598849153,0.721174418926239,0.9936981201171875,2.4213016433374255e-06,0.447857649833444,25.35742144219265
69,0.28270184993743896,0.47740207679912344,0.6984020688024946,0.8837671875953674,0.98809814453125,0.3734944791209003,0.7638413169328216,24.8289016648042
70,0.21646562218666077,0.3913796950054289,0.5090178338536753,0.8882392644882202,0.9409942626953125,0.2879765626999516,0.7286708280038252,23.8565590641073
71,0.21072134375572205,0.33697921959194876,0.7534994814915909,0.937900722026825,0.9463653564453125,0.09871817981585132,0.877466257080771,28.724939174583692
72,0.4040071666240692,0.39656151722027894,0.61137200719602,0.8750599026679993,0.93438720703125,0.20546947422958717,0.7131147003699762,23.450241936097868
73,0.19023540616035461,0.4633733855086122,0.6606399522156846,0.8865182399749756,0.9783172607421875,0.03530275946859506,0.7775608636440883,25.131752808787297
74,0.1161707267165184,0.3326182445658922,0.7053307166640885,0.9186960458755493,0.983062744140625,0.23289617629842688,0.8415565885088052,27.465273245960468
75,0.3924984335899353,0.6429194162217433,0.44717768718983875,0.6798548698425293,0.9748687744140625,0.1781441226825735,0.4305636454525167,22.045029463354147
76,0.1414390206336975,0.554777466543299,0.4447465073938488,0.825732946395874,0.9827880859375,0.19313362436793677,0.6171070403515249,21.19090387842613
77,0.20559334754943848,0.43641635699556264,0.6765755010703272,0.9023852348327637,0.964508056640625,0.13338333331470442,0.8094955152556536,24.70919011762975
78,0.16243669390678406,0.46168869978185995,0.6603801342952087,0.8778308629989624,0.9681243896484375,0.10497039204353383,0.7658405072034418,27.885285437889884
79,0.19486568868160248,0.4411222945307932,0.644965055775451,0.836696207523346,0.9078521728515625,0.04762670751826091,0.6977193059610758,26.788584929352513
80,0.17424821853637695,0.4586546899957935,0.7335148503840838,0.8847295641899109,0.9779052734375,0.20132421327952935,0.7792539947470889,24.865582108412493
81,0.18592141568660736,0.4539231578644496,0.7705724068769555,0.9177780747413635,0.980377197265625,0.2191868735963123,0.792238114922134,26.80268977223852
82,0.07308908551931381,0.2553218294416998,0.8682295644304125,0.8748286366462708,0.9960784912109375,0.3427126784841983,0.7602999550570387,30.297707603446014
83,0.19568172097206116,0.4913243015333984,0.6134197400130303,0.888523519039154,0.9700469970703125,0.2966681129816865,0.7511789400856268,23.136388631938555
84,0.1939084231853485,0.396697272613908,0.7933748959263236,0.9246222376823425,0.9851226806640625,0.17652096577621135,0.8414342190167627,29.010374765670484
85,0.20362260937690735,0.39778181802563817,0.7449743895731755,0.9090593457221985,0.9699859619140625,0.15252083045203338,0.8244651143052021,27.369333532841228
86,0.2165503352880478,0.5143673457869081,0.7418180859883486,0.8995873928070068,0.9706573486328125,0.18100545953770886,0.7312759850535745,25.19308237129306
87,0.28480085730552673,0.5775294252071426,0.7129966580393564,0.8814665675163269,0.9706573486328125,0.1721914885099059,0.6662882429303284,23.230942512502875
88,0.278212308883667,0.4062888381831877,0.7012549532515373,0.900132417678833,0.930419921875,0.06346291569872341,0.8058225910812467,25.098673469548665
89,0.07938764244318008,0.20052388656105596,0.44906236031857466,0.9639911651611328,0.8777923583984375,0.1852493199135992,0.9241504564489271,24.304577068133074
90,0.2353697121143341,0.5235060963914026,0.5787013595685299,0.837717592716217,0.9876861572265625,0.282029108515028,0.6900166968771704,24.914226943098324
91,0.1894078254699707,0.3801217384715204,0.6316057242772621,0.911571204662323,0.9808349609375,0.2855521697655462,0.8193269724066544,26.23740159992371
92,0.27570652961730957,0.3622502602562199,0.7306626005614365,0.9307779669761658,0.9761505126953125,0.34739066914794603,0.8534401728849447,24.669020208323623
93,0.2098819762468338,0.30052376674816583,0.8003307005146116,0.9552710652351379,0.944793701171875,0.2403948686972772,0.8989080706145742,27.48381298546964
94,0.1000070720911026,0.27516938986521194,0.3836565774921152,0.9546628594398499,0.823974609375,0.12126758674073836,0.9107720996546335,23.18303027248637
95,0.1742541790008545,0.6452895325157326,0.2894895775298356,0.6182968616485596,0.994537353515625,0.002788293068821535,0.16376400707569816,22.197542904823745
96,0.22997817397117615,0.45405408492965943,0.6180502832052698,0.8648377656936646,0.954803466796875,0.20183260527280913,0.7387346047090986,24.973309485866878
97,0.29762059450149536,0.4303014329441458,0.6223748987653279,0.8775952458381653,0.914886474609375,0.10851860180300434,0.7630335963216817,23.819399966641626
98,0.09760884940624237,0.294994695123539,0.9283185697222376,0.9506393074989319,0.980987548828125,0.14774340099630576,0.8856565239077119,32.263235142684714
99,0.27165693044662476,0.5536603789666643,0.649580104079931,0.7770875692367554,0.9800872802734375,0.12592154995207638,0.5620409454614039,25.30023100632284
100,0.2793247103691101,0.42982069445485144,0.6614266260263425,0.8975642919540405,0.975311279296875,0.3657391745436399,0.8012116488376866,25.090086172362117
101,0.11897788196802139,0.31315111324924977,0.7008534736177132,0.9484387040138245,0.9542388916015625,0.06369058267543469,0.8983100626021918,28.36095449521934
102,0.3115425705909729,0.35167408766958413,0.6677775937121896,0.9054825305938721,0.9269256591796875,0.21504684231325316,0.7990186567306168,24.88371640377007
103,0.15278734266757965,0.4445503578904482,0.556127799986726,0.8959732055664062,0.98431396484375,0.250729409089352,0.8023569182824659,26.240868692631885
104,0.23710067570209503,0.6062848254676172,0.5759405738163736,0.7531893849372864,0.9859619140625,0.09980518610060068,0.5027126938958311,23.608053529861056
105,0.1717691719532013,0.42232376899412805,0.7038769426025292,0.914699137210846,0.9716796875,0.1751114777282321,0.8148952993713439,26.096742671433304
106,0.3625923991203308,0.3971981514097628,0.6854904811239444,0.8811097145080566,0.9481048583984375,0.19749900955662822,0.7547225951869576,23.92631908659215
107,0.2766008675098419,0.6088959499665572,0.5493468248686805,0.8067306876182556,0.97161865234375,0.11890141217365599,0.6273134036333313,22.764590840805454
108,0.24323740601539612,0.4024305742272887,0.6691542114688501,0.9069896936416626,0.9749603271484375,0.23460856594749718,0.8149436935351626,26.101476204021342
109,0.14794300496578217,0.510979802566117,0.7938234945273012,0.8444509506225586,0.986480712890625,0.13645308337906104,0.6756572589779823,26.617375894676062
110,0.26601988077163696,0.4166185995902462,0.6779493186351908,0.9133566617965698,0.944427490234375,0.18340825484119846,0.8090390480398675,25.60676289232547
111,0.2696995139122009,0.9827711696770858,0.5725991405115206,0.6726688742637634,0.994415283203125,0.23750158853835723,0.030963002123943983,24.714651436531412
112,0.46685707569122314,0.474429255862518,0.5578489252426789,0.7887510657310486,0.910919189453125,0.17948008721291817,0.596896842906396,21.36988711719677
113,0.13396786153316498,0.32260765984615786,0.7540309314260073,0.9482670426368713,0.991180419921875,0.3676155715365738,0.8952581719544012,29.75924422748076
114,0.3121117353439331,0.4165032696210345,0.6965212857285459,0.8903878927230835,0.9327239990234375,0.16559440469447298,0.7843576310350775,24.323891989894474
115,0.28815481066703796,0.39143927846966103,0.717816722751621,0.9045248031616211,0.916473388671875,0.12275655084029634,0.8103023633271847,25.032184475156825
116,0.20993395149707794,0.8037074635760317,0.7364616165498908,0.7089377045631409,0.9964447021484375,0.33428761632109627,0.2544361068464517,25.278690366225746
117,0.36083725094795227,0.3598725349548193,0.6683694684002495,0.8851872086524963,0.9582672119140625,0.2677378131893405,0.7628573759552818,24.437799392296338
118,0.20009301602840424,0.37396994392875516,0.7045832040617517,0.9252722859382629,0.96746826171875,0.3210193245161387,0.8499735188898818,26.6977875777756
119,0.29277461767196655,0.458432582951556,0.6636889474569735,0.8746695518493652,0.953948974609375,0.17019544399355402,0.7575800269005228,23.24776026909927
120,0.1450861692428589,0.4283656820358112,0.6125547010662623,0.8924223780632019,0.99029541015625,0.26728195013600214,0.7852139122908309,27.138557244816024
121,0.14154255390167236,0.46150922573345954,0.6165705301984717,0.8849614858627319,0.9912567138671875,0.08173224081371665,0.7819215973463494,26.50159995811976
122,0.27312055230140686,0.8300144018017752,0.5916320824563961,0.5482951402664185,0.919891357421875,0.0007615148912228986,0.14024724283015277,24.261233901131053
123,0.10989698767662048,0.3687336574908611,0.6062225724685187,0.8161883354187012,0.991607666015625,0.1654033908901504,0.6569337756323694,25.920838727239243
124,0.21133282780647278,0.3341087680444326,0.8231771970136873,0.949356198310852,0.9445648193359375,0.22388395131725028,0.8860769056092442,25.977079294619422
125,0.207209974527359,0.6183400704832498,0.6827930712051347,0.7703447341918945,0.990631103515625,0.22572607096334055,0.5668023556707149,24.073105637296557
126,0.2126407027244568,0.37108623311834626,0.6132932315349083,0.8526504635810852,0.984130859375,0.3171376775195814,0.7234054485846808,27.33267910012261
127,0.3657638430595398,0.4563518092784972,0.5500281315058003,0.7889474034309387,0.928955078125,0.30528210902982555,0.6123795829920545,21.575884429959352
128,0.122902512550354,0.3614044603220862,0.7411591169707967,0.9213912487030029,0.9847259521484375,0.20047987182118865,0.8452361891612955,27.265742886572703
129,0.2685154974460602,0.49117649804985747,0.6610221639355824,0.8630496263504028,0.988189697265625,0.24487878548411174,0.7202325169494335,25.23259099274845
130,0.24926775693893433,0.5036891232384431,0.5812690848875417,0.7538447976112366,0.9810638427734375,0.1888894190265235,0.5148993494121181,25.404872435907983
131,0.1924615502357483,0.47702593055345976,0.5821227806610118,0.8677034974098206,0.9622955322265625,0.15809228003670184,0.7505650451259478,25.466058005823268
132,0.06728211045265198,0.15984203151940682,0.36716263717812236,0.8766489624977112,0.9942169189453125,0.040508758205675434,0.7381661882543693,24.381110782339345
133,0.19917066395282745,0.4411311430522138,0.6702067745197141,0.9071446657180786,0.984405517578125,0.3768296482746047,0.789905147134703,25.616989343187413
134,0.2611786127090454,0.8262841079283532,0.5903503612849454,0.6363640427589417,0.9824066162109375,0.042359599369103516,0.31712035941990113,22.474502742348413
135,0.21760374307632446,0.39169272309392905,0.8039950000224381,0.9322248101234436,0.9701690673828125,0.2363284233092096,0.8414712948064178,26.374697624740765
136,0.31667667627334595,0.4549923699132182,0.6068238901249853,0.8596821427345276,0.9294586181640625,0.22380805510274426,0.7381643876912423,23.257420790587737
137,0.12475864589214325,0.3247972406538681,0.6681542535893731,0.9458010196685791,0.981719970703125,0.22659830432646588,0.8941567272828098,27.37729363956869
138,0.33374089002609253,0.391616456698584,0.6027081423408128,0.8291705250740051,0.9549560546875,0.2771794130314855,0.6767931036670172,24.099721018870408
139,0.1899978369474411,0.4144622176187698,0.7210363118295596,0.9119892120361328,0.987030029296875,0.5061013909928002,0.8281712625083626,26.436212191250842
140,0.22606293857097626,0.41136522207698845,0.7343813965555988,0.9156386852264404,0.9830474853515625,0.5282379922556295,0.826850285063301,24.752732563085512
141,0.18375787138938904,0.5397382241129649,0.6996754501118204,0.8559464812278748,0.979766845703125,0.23705452413433592,0.7077537792479496,25.960842297114954
142,0.1214422881603241,0.42881778669892906,0.8619902543225815,0.9220624566078186,0.99627685546875,0.4441926100396127,0.7628592556549102,28.182323491658448
143,0.41715115308761597,0.45458442968222157,0.6967403812717559,0.8610900044441223,0.9766082763671875,0.24519978079774454,0.7335321966398733,24.394385489149265
144,0.3119466006755829,0.5401621711583667,0.6134627729183172,0.7629038095474243,0.9651641845703125,0.16097053988587287,0.5753829009919645,24.73596029357671
145,0.23489493131637573,0.36123545428304127,0.7564657591470564,0.9302495718002319,0.9730072021484375,0.2200179805917193,0.8502943360434951,27.03262091519911
146,0.376021146774292,0.3699934588945377,0.6640515888740812,0.9214215874671936,0.8874359130859375,0.2017098580554206,0.8102271591248917,23.121401210280883
147,0.12208667397499084,0.35873454308145253,0.4530380530750065,0.9355383515357971,0.9762725830078125,0.008291448793718882,0.8702977077992181,23.64067599969106
148,0.2315482795238495,0.4337214658808542,0.8313129998889615,0.9340001344680786,0.971466064453125,0.22406671200551367,0.81172398974707,25.744411533214887
149,0.1645396649837494,0.39781404569989776,0.7932247850008247,0.9128071069717407,0.9865875244140625,0.16524295798389557,0.8322416202548466,25.784156655334
150,0.30042117834091187,0.5042383561215137,0.627794945702856,0.8558870553970337,0.9243011474609375,0.07340323619663126,0.7201673086525504,24.807846289263242
151,0.29668915271759033,0.36882408032639113,0.6906912992727332,0.881751537322998,0.9774932861328125,0.3286302555164972,0.7595411681716987,24.952798286293856
152,0.1788921058177948,0.6994050688047738,0.5648241548334658,0.7125081419944763,0.98876953125,0.2103012765007763,0.5018945038251056,24.748825872505364
153,0.32022905349731445,0.419325710792629,0.6146043039118574,0.8714535236358643,0.94256591796875,0.14995502485207207,0.7366504888766388,24.934631030311767
154,0.12857314944267273,0.49728949287872326,0.6796442012262086,0.8446331024169922,0.9955291748046875,0.013471335113349789,0.7094157343024365,28.883524674125937
155,0.10881692916154861,0.38339893833085825,0.8575366230351332,0.8958784937858582,0.9759521484375,0.026560205954165562,0.7899411718444459,28.856239746895792
156,0.22241933643817902,0.5048631695329607,0.3746843342471276,0.6542381048202515,0.9768829345703125,0.08459269813130023,0.3954229201951308,22.64012222988469
157,0.1359282284975052,0.3192616076596329,0.7899350816380171,0.9490193724632263,0.9894866943359375,0.38537075346052324,0.8952973207219851,28.125291408897812
158,0.2469203770160675,0.6059589043461177,0.7449147799829228,0.8365355730056763,0.9815521240234375,0.238185735232681,0.6239378787921652,22.965981783669097
159,0.24281862378120422,0.35107310625099386,0.5702563345059022,0.8687226176261902,0.9695892333984375,0.18586634564283264,0.7225739484527492,25.86046765629369
160,0.17401239275932312,0.46941933879557485,0.5709666404741002,0.8746748566627502,0.9607696533203125,0.10667160991257472,0.7601214054617077,24.8652992490291
161,0.18829551339149475,0.4429541226187582,0.6531835930854328,0.8867077827453613,0.9916839599609375,0.2781466514613888,0.7857492707493674,26.499476187299287
162,0.15874835848808289,0.32185989999472714,0.8188203031078339,0.952318549156189,0.981658935546875,0.43355351858929375,0.8961152874573189,28.024732372627813
163,0.2769392132759094,0.3219565423753593,0.6546702410866628,0.8934100270271301,0.9844818115234375,0.2893086727402706,0.7857011532635717,25.953142558365982
164,0.26764827966690063,0.39310870717774804,0.62766637999265,0.8697146773338318,0.9618377685546875,0.20729026710292642,0.7477065679160004,24.431331557648676
165,0.1742740273475647,0.402719095503235,0.7982107867990622,0.9293491244316101,0.9953155517578125,0.4925628222102112,0.8336258544162137,29.204344752408158
166,0.3513876795768738,0.3850943103357967,0.6860690732466417,0.8733011484146118,0.972808837890625,0.3651587584044323,0.7473487009994113,23.951910697503816
167,0.33439308404922485,0.5392420836495851,0.6824231509885786,0.8361093401908875,0.965362548828125,0.15738709822305186,0.6722002351668919,22.893139783325353
168,0.263308584690094,0.6086876797421416,0.6129093701580414,0.6641390323638916,0.982452392578125,0.05349872140022931,0.41928594800363506,24.487576164719624
169,0.18162967264652252,0.42757783402632293,0.7581805587627346,0.9107823371887207,0.9841766357421875,0.09114891222707079,0.8156892822142348,28.385167444457426
170,0.3430206775665283,0.3539534649285156,0.599247096348952,0.8794829845428467,0.937774658203125,0.2953172117993413,0.7493726299082353,24.215030033531875
171,0.2598941922187805,0.6053953228976452,0.6141281038962508,0.8017855882644653,0.9823455810546875,0.26910974787760716,0.6249719040547056,23.113967321008978
172,0.34034210443496704,0.3809556377528541,0.7266993727265912,0.9239588975906372,0.9207611083984375,0.24090056411335123,0.8246630780877915,23.27372766901325
173,0.11402982473373413,0.38987173238910355,0.6377248772139704,0.8731154799461365,0.9932861328125,2.272722107449756e-06,0.7324886334006242,25.071493422416538
174,0.27311819791793823,0.49370336222369576,0.6092929472233972,0.7960691452026367,0.940765380859375,0.08787615416443745,0.6097497256679667,25.49143756013713
175,0.43446236848831177,0.44710166639141835,0.6310811791826628,0.8513007164001465,0.972869873046875,0.3358239313321138,0.6972185113020389,22.345484378063794
176,0.41409724950790405,0.46226333168416883,0.6410502918847807,0.8842272162437439,0.9232940673828125,0.16950286312524976,0.7046003125750616,21.54681580191798
177,0.15503662824630737,0.4247392288899865,0.4952658805472456,0.8559516668319702,0.97601318359375,0.17088651324550988,0.7278215525129126,26.672108097692607
178,0.2827630639076233,0.4832166587753322,0.7224832178741488,0.8816505074501038,0.954833984375,0.141282523561786,0.7562414241740498,24.189672041029237
179,0.18517926335334778,0.39049706592394556,0.8033505894513149,0.9247941374778748,0.98773193359375,0.4809557902157584,0.8439388520129338,26.10937039204685
180,0.21142621338367462,0.3661999786513261,0.6376834235853679,0.8713638782501221,0.9630889892578125,0.1354542046268032,0.7477537503625701,27.31783523559274
181,0.285060316324234,0.46494786680103223,0.7429618665240976,0.8637382388114929,0.9295196533203125,0.10674935085102477,0.7450831565162119,24.918257930957843
182,0.0891653373837471,0.2766845442225714,0.8238831585223673,0.9230470657348633,0.9890289306640625,0.18573138648767104,0.8472297303170391,29.679091587884493
183,0.171296164393425,0.6339724218399406,0.403802952243177,0.782451868057251,0.96978759765625,0.03508818952817274,0.5066767484774519,23.8176917140634
184,0.42157670855522156,0.6210001041106004,0.46130812612932065,0.7237724661827087,0.974151611328125,0.2517671149438538,0.4562959849140227,21.354704063886736
185,0.20785686373710632,0.3967137597301929,0.6442340910439389,0.8827469944953918,0.9894561767578125,0.38632381321153353,0.7762077867755708,27.104326195655627
186,0.21839943528175354,0.3538045720363489,0.7129652716903365,0.9388412833213806,0.9677581787109375,0.3546122924214134,0.866201249990899,25.80455573262171
187,0.19368867576122284,0.2850100918429538,0.8440706372265877,0.958583414554596,0.945709228515625,0.22584873240889197,0.9108639963784793,27.833524595020535
188,0.32131925225257874,0.34432350914844323,0.7004427982099191,0.8834996223449707,0.9547576904296875,0.22443127794107298,0.7741887172160313,25.543317466262963
189,0.11488255858421326,0.33360786981310653,0.35750890185360057,0.9428415894508362,0.80731201171875,0.17312734591884849,0.8870834047121445,21.80718398773555
190,0.34085148572921753,0.44344834265699407,0.6834389315636777,0.8852665424346924,0.970611572265625,0.23389051953439952,0.7550398342050891,24.614401067188993
191,0.20048561692237854,0.3654336393567122,0.8276312573867447,0.9367777109146118,0.9728240966796875,0.19082272111643744,0.8661413823760095,27.696186786526727
192,0.11849959194660187,0.3006555598871294,0.7953962970049687,0.9555360078811646,0.9771881103515625,0.3755223995311614,0.902392983695508,27.542236389174036
193,0.14964565634727478,0.4213434751178451,0.555300024877011,0.8973013758659363,0.969329833984375,0.08802219236742632,0.7905610926507496,27.01444874339259
194,0.22895461320877075,0.3505154636209754,0.6669569345467576,0.8712738156318665,0.9813232421875,0.17073226915157916,0.7577117990615835,28.0812950630674
195,0.24273812770843506,0.6579154710383925,0.7064037119613764,0.7572761178016663,0.9974365234375,0.5014851587977485,0.5651518429616491,25.210439518084474
196,0.14759288728237152,0.4501838510184687,0.6078872939106484,0.8872506618499756,0.986541748046875,0.16713959665760467,0.7862022144926448,24.792429920427324
197,0.4317818582057953,0.627117738238718,0.49075862080853644,0.6870330572128296,0.9485015869140625,0.13749063698169256,0.45879417114955334,20.94543181948172
